i0,i1,i2,i3,i4,i5,i6,i7,i8,i9,
-26273.4,-11396.4,8651.602,24753.6,31112.6,25708.6,10521.6,-9015.399,-24876.4,-29186.4,
-671.8984,-19329.9,-28567.9,-28623.9,-19039.9,206.1016,18867.1,29852.1,29412.1,17896.1,
-29006.2,-27833.2,-15721.2,4042.797,21696.8,30662.8,27955.8,14702.8,-4405.203,-22095.2,
-8961.601,10951.4,26135.4,31040.4,24280.4,8228.398,-11279.6,-26008.6,-29250.6,-25135.6,
-16069.9,-27839.9,-29047.9,-21866.9,-3673.898,15690.1,28517.1,30349.1,20770.1,3172.101,
-23528.7,-29163.7,-27111.7,-13566.7,6337.297,23226.3,30911.3,26880.3,12659.3,-6643.703,
-19319.7,-248.7031,18470.3,29646.3,29483.3,18211.3,-138.7031,-18862.7,-28537.7,-28703.7,
-29009.7,-21365.7,-2945.703,16280.3,28782.3,30191.3,20243.3,2489.297,-16634.7,-28030.7,
3508.297,21258.3,30506.3,28138.3,15171.3,-3794.703,-21622.7,-28973.7,-27993.7,-16197.7,
21321.4,30495.4,28130.4,15122.4,-3834.602,-21655.6,-29015.6,-27972.6,-16109.6,3518.398,
19419.4,1414.398,-17508.6,-28239.6,-28894.6,-20535.6,-1823.602,17163.4,29122.4,29882.4,
22172.1,5199.101,-14158.9,-27199.9,-29218.9,-23192.9,-5722.898,13867.1,27608.1,30647.1,
21302.6,3954.601,-15249.4,-27607.4,-29143.4,-22369.4,-4440.399,14957.6,28122.6,30472.6,
3166.898,-15990.1,-27851.1,-29095.1,-21797.1,-3617.102,15683.9,28484.9,30283.9,20730.9,
21381.4,30514.4,27998.4,14960.4,-3989.602,-21691.6,-29043.6,-27920.6,-15912.6,3703.398,
22928.4,6340.398,-12999.6,-26755.6,-29289.6,-23874.6,-6873.601,12738.4,27003.4,30782.4,
8233.703,-11142.3,-25942.3,-29338.29,-24995.3,-8855.296,10915.7,26001.7,30924.7,24197.7,
-10265.3,-25533.3,-29350.3,-25477.3,-9740.297,10048.7,25473.7,30965.7,24733.7,9144.703,
-7736.898,-24146.9,-29304.9,-26615.9,-12269.9,7546.102,23938.1,30877.1,26163.1,11550.1,
12127.7,-7092.297,-23717.3,-29283.3,-26909.3,-12892.3,6903.703,23494.7,30841.7,26526.7,
-5235.898,-22523.9,-29197.9,-27505.9,-14618.9,5050.102,22229.1,30601.1,27382.1,13820.1,
-6378.101,-23286.1,-29296.1,-27132.1,-13550.1,6188.899,23032.9,30764.9,26834.9,12820.9,
-22233.1,-29204.1,-27649.1,-15013.1,4602.899,21935.9,30569.9,27551.9,14202.9,-4764.102,
-28846.6,-28495.6,-17898.6,1288.398,19496.4,29869.4,28834.4,16993.4,-1468.602,-19772.6,
-20656.8,-29001.8,-28235.8,-16887.8,2477.203,20363.2,30152.2,28411.2,16013.2,-2634.797,
-28944.9,-20027.9,-1391.899,17380.1,29106.1,29615.1,19056.1,1143.102,-17609.9,-28325.9,
-27941.7,-29183.7,-21300.7,-3079.703,15964.3,28508.3,30063.3,20321.3,2795.297,-16146.7,
-29110.4,-20850.4,-2460.398,16509.6,28712.6,29891.6,19885.6,2209.602,-16688.4,-28099.4,
-29149.5,-20841.5,-2458.5,16484.5,28695.5,29932.5,19876.5,2208.5,-16640.5,-28107.5,
-29367.6,-22754.6,-5194.602,14176.4,27648.4,30474.4,21799.4,4846.398,-14312.6,-27315.6,
-29472.9,-23850.9,-6996.899,12535.1,26797.1,30685.1,22974.1,6573.101,-12653.9,-26589.9,
-29536.5,-24692.5,-8337.501,11275.5,26126.5,30815.5,23878.5,7884.5,-11364.5,-26049.5,
-29547.0,-25625.0,-10119.0,9549.0,25076.0,30861.0,24939.0,9607.0,-9608.0,-25133.0,
-29472.2,-26515.2,-12025.2,7634.797,23892.8,30772.8,26023.8,11434.8,-7706.203,-24040.2,
-29334.4,-27609.4,-14660.4,4944.602,22131.6,30546.6,27387.6,13937.6,-5003.398,-22340.4,
-27462.6,-14247.6,5378.398,22476.4,30656.4,27250.4,13540.4,-5465.601,-22666.6,-29459.6,
-29200.7,-28281.7,-16641.7,2769.297,20579.3,30230.3,28360.3,15833.3,-2868.703,-20779.7,
-29154.3,-28337.3,-16918.3,2437.703,20339.7,30116.7,28460.7,16104.7,-2514.297,-20535.3,
-29243.3,-20701.3,-2238.297,16682.7,28824.7,29898.7,19751.7,2041.703,-16784.3,-28232.3,
-28037.0,-29283.0,-21233.0,-2993.0,16060.0,28524.0,30045.0,20290.0,2766.0,-16139.0,
-28005.9,-29290.9,-21203.9,-2969.898,16040.1,28488.1,30046.1,20275.1,2751.101,-16129.9,
-26446.7,-29562.7,-24156.7,-7425.703,12123.3,26543.3,30687.3,23322.3,7060.297,-12144.7,
-29601.3,-25722.3,-10291.3,9424.704,24950.7,30845.7,25046.7,9797.703,-9424.296,-25026.3,
-29516.2,-27234.2,-13686.2,5908.797,22710.8,30607.8,26906.8,13071.8,-5896.203,-22873.2,
-22371.0,-29438.0,-27522.0,-14409.0,5136.0,22175.0,30496.0,27281.0,13777.0,-5125.0,
-28962.9,-28627.9,-17895.9,1182.102,19289.1,29735.1,28838.1,17106.1,-1219.898,-19443.9,
-28853.1,-28731.1,-18241.1,764.8984,18971.9,29606.9,28981.9,17421.9,-813.1016,-19109.1,
-28708.3,-28912.3,-18957.3,-157.2969,18245.7,29365.7,29254.7,18121.7,112.7031,-18365.3,
-15871.7,-27903.7,-29329.7,-21238.7,-3133.703,15795.3,28333.3,29975.3,20370.3,3003.297,
-13535.3,-27011.3,-29557.3,-23030.3,-5771.297,13496.7,27221.7,30425.7,22213.7,5547.703,
-10512.6,-25591.6,-29643.6,-25002.6,-9041.602,10489.4,25587.4,30734.4,24283.4,8697.398,
30574.6,26895.6,13084.6,-5810.399,-22770.4,-29519.4,-27236.4,-13653.4,5818.602,22616.6,
-21624.8,-29362.79,-27768.8,-15157.8,4206.203,21449.2,30278.2,27594.2,14555.2,-4168.797,
-28789.4,-28796.4,-18401.4,453.6016,18694.6,29459.6,28990.6,17641.6,-481.3984,-18771.4,
-26588.7,-29629.7,-23670.7,-6822.703,12558.3,26699.3,30543.3,22873.3,6569.297,-12531.7,
-29662.2,-24230.2,-7749.203,11684.8,26209.8,30594.8,23460.8,7452.797,-11633.2,-26128.2,
-29684.7,-25902.7,-10809.7,8755.297,24497.3,30707.29,25319.3,10385.3,-8701.703,-24565.7,
-26625.8,-29622.8,-23582.8,-6668.797,12663.2,26741.2,30500.2,22777.2,6427.203,-12608.8,
14034.4,27443.4,30316.4,21774.4,4977.398,-13980.6,-27194.6,-29558.6,-22614.6,-5197.601,
-18827.3,-64.29688,18261.7,29296.7,29178.7,18045.7,42.70313,-18331.3,-28684.3,-28918.3,
24647.3,30697.3,25164.3,10165.3,-8907.702,-24689.7,-29692.7,-25780.7,-10570.7,8967.297,
18954.2,1210.203,-17328.8,-28438.8,-29124.8,-19745.8,-1261.797,17292.2,28941.2,29502.2,
19622.1,2059.102,-16580.9,-28180.9,-29269.9,-20444.9,-2138.899,16578.1,28639.1,29717.1,
20574.0,3340.0,-15433.0,-27790.0,-29427.0,-21427.0,-3455.0,15468.0,28123.0,30027.0,
30673.2,25368.2,10495.2,-8514.796,-24445.8,-29678.79,-25953.8,-10920.8,8604.203,24373.2,
26686.6,12842.6,-5997.398,-22842.4,-29606.4,-27083.4,-13338.4,6089.602,22746.6,30502.6,
14549.7,-4093.297,-21514.3,-29400.3,-27777.3,-15125.3,4153.703,21400.7,30229.7,27576.7,
28655.2,16826.2,-1432.797,-19470.8,-29008.8,-28565.8,-17524.8,1453.203,19399.2,29669.2,
29683.7,19636.7,2097.703,-16542.3,-28181.3,-29282.3,-20423.3,-2161.297,16574.7,28597.7,
29940.8,20460.8,3238.797,-15537.2,-27820.2,-29425.2,-21276.2,-3320.203,15572.8,28165.8,
30613.2,25080.2,10120.2,-8878.797,-24634.8,-29704.8,-25705.8,-10463.8,8996.203,24578.2,
30468.0,26623.0,12758.0,-6049.0,-22871.0,-29600.0,-27020.0,-13240.0,6159.0,22772.0,
29964.5,28045.5,15565.5,-2866.5,-20576.5,-29230.5,-28146.5,-16165.5,2938.5,20471.5,
29656.7,28551.7,16698.7,-1502.297,-19511.3,-29023.3,-28513.3,-17361.3,1547.703,19456.7,
28036.7,29891.7,20563.7,3438.703,-15325.3,-27723.3,-29409.3,-21343.3,-3508.297,15378.7,
26971.2,30349.2,22314.2,5836.203,-13104.8,-26788.8,-29655.8,-23101.8,-6004.797,13185.2,
12240.3,26442.3,30454.3,22998.3,6878.297,-12101.7,-26319.7,-29707.7,-23781.7,-7102.703,
22611.0,30047.0,26070.0,12358.0,-6173.0,-22612.0,-29394.0,-26558.0,-12700.0,6351.0,
18050.1,25121.1,22774.1,11894.1,-3531.898,-17754.9,-25377.9,-23210.9,-11908.9,3945.102,
16667.8,23549.8,21506.8,11429.8,-2988.203,-16393.2,-23715.2,-21909.2,-11472.2,3323.797,
13378.0,22616.0,23221.0,15187.0,1413.0,-13003.0,-22666.0,-23668.0,-15355.0,-1123.0,
14718.5,29319.5,32536.5,23420.5,5322.5,-15166.5,-28842.5,-30685.5,-24505.5,-6117.5,
3377.102,27551.1,36301.1,35040.1,19845.1,-5813.899,-27859.9,-32839.9,-32767.9,-22832.9,
-1003.398,24383.6,35998.6,35795.6,23359.6,-1548.398,-25549.4,-32662.4,-32978.4,-25795.4,
21952.0,35590.0,36142.0,25758.0,1441.0,-23593.0,-32467.0,-33052.0,-27587.0,-4184.0,
-9797.297,17123.7,34368.7,36337.7,29464.7,6926.703,-19314.3,-31962.3,-33080.3,-30067.3,
-14025.4,13247.6,32943.6,36361.6,31710.6,10975.6,-15560.4,-31269.4,-33012.4,-31371.4,
-17007.8,10280.2,31613.2,36351.2,33006.2,13859.2,-12615.8,-30505.8,-32966.79,-32013.8,
-21256.0,5462.0,28969.0,36320.0,34585.0,18155.0,-7935.0,-28833.0,-32856.0,-32611.0,
-23781.5,2154.5,26813.5,36237.5,35322.5,20929.5,-4728.5,-27356.5,-32749.5,-32841.5,
-25860.4,-1025.398,24463.6,36008.6,35836.6,23435.6,-1649.398,-25633.4,-32605.4,-32970.4,
-26713.2,-2528.203,23299.8,35826.8,35978.8,24575.8,-185.2031,-24734.2,-32519.2,-33001.2,
-27814.8,-4636.797,21623.2,35545.2,36161.2,26125.2,1817.203,-23392.8,-32370.8,-33056.8,
-30166.2,-10190.2,16880.8,34333.8,36318.8,29697.8,7193.797,-19172.2,-31884.2,-33012.2,
-31302.2,-13992.2,13381.8,33054.8,36350.8,31704.8,10852.8,-15783.2,-31295.2,-32972.2,
-32052.1,-17508.1,9793.899,31449.9,36336.9,33245.9,14289.9,-12257.1,-30394.1,-32905.1,
-32580.9,-21564.9,5136.102,28802.1,36314.1,34691.1,18428.1,-7696.898,-28725.9,-32802.9,
-32678.2,-22510.2,3913.797,28081.8,36295.8,34974.8,19441.8,-6516.203,-28232.2,-32771.2,
-25654.6,-682.6015,24806.4,36045.4,35766.4,23168.4,-2089.602,-25890.6,-32567.6,-32901.6,
-32840.2,-24462.2,1177.797,26200.8,36199.8,35487.79,21710.8,-3885.203,-26943.2,-32646.2,
-32981.6,-28600.6,-6143.602,20430.4,35297.4,36258.4,27202.4,3181.398,-22415.6,-32228.6,
-32962.6,-29345.6,-8040.602,18858.4,34904.4,36289.4,28374.4,5026.399,-21022.6,-32081.6,
-32948.4,-29872.4,-9409.398,17656.6,34600.6,36314.6,29207.6,6355.602,-19956.4,-31948.4,
-32899.8,-31196.8,-13653.8,13756.2,33252.2,36333.2,31539.2,10448.2,-16211.8,-31366.8,
-31347.9,-14302.9,13192.1,33005.1,36339.1,31854.1,11064.1,-15666.9,-31251.9,-32884.9,
-32890.4,-31635.4,-15611.4,11874.6,32463.6,36331.6,32437.6,12335.6,-14373.4,-30932.4,
-32780.2,-32350.2,-19940.2,7176.797,30083.8,36321.79,34143.8,16630.8,-9765.203,-29521.2,
-32743.79,-32468.8,-21075.8,5832.203,29291.2,36298.2,34510.2,17841.2,-8454.797,-29029.8,
-32767.3,-32297.3,-19743.3,7428.703,30244.7,36311.7,34063.7,16413.7,-10022.3,-29632.3,
-32699.8,-32558.8,-22095.8,4587.203,28577.2,36285.2,34810.2,18918.2,-7260.797,-28562.8,
-32506.1,-32816.1,-25697.1,-742.1015,24891.9,36046.9,35766.9,23158.9,-2128.102,-25975.1,
-32822.7,-25648.7,-590.7031,24988.3,36062.3,35757.3,23090.3,-2268.703,-26056.7,-32510.7,
-32355.0,-32857.0,-27315.0,-3491.0,22709.0,35739.0,36082.0,25297.0,534.0,-24343.0,
-32845.0,-27585.0,-4047.0,22232.0,35646.0,36101.0,25712.0,1067.0,-23960.0,-32321.0,
-32835.4,-27164.4,-3264.398,22895.6,35778.6,36030.6,25106.6,296.6016,-24487.4,-32356.4,
-32837.4,-28490.4,-5900.398,20757.6,35360.6,36201.6,26997.6,2863.601,-22743.4,-32209.4,
-32322.7,-32839.7,-27621.7,-4043.703,22312.3,35680.3,36114.3,25700.3,1052.297,-24031.7,
-32828.0,-28942.0,-7014.0,19826.0,35157.0,36245.0,27697.0,3934.0,-21949.0,-32126.0,
-31794.1,-32775.1,-30310.1,-10650.1,16670.9,34295.9,36307.9,29929.9,7433.898,-19109.1,
-31284.3,-32754.29,-31271.3,-14148.3,13445.7,33124.7,36317.7,31734.7,10817.7,-15982.3,
-31592.2,-32751.2,-30759.2,-12083.2,15365.8,33814.8,36316.8,30739.8,8810.797,-17862.2,
-31705.9,-32748.9,-30498.9,-11266.9,16111.1,34086.1,36297.1,30278.1,8026.102,-18577.9,
-30941.3,-32703.3,-31595.3,-15737.3,11825.7,32447.7,36323.7,32464.7,12335.7,-14420.3,
-30492.2,-32690.2,-31887.2,-17331.2,10219.8,31690.8,36303.8,33136.8,13902.8,-12853.2,
-30105.2,-32658.2,-32061.2,-18574.2,8880.797,31004.8,36312.8,33590.8,15134.8,-11525.2,
-29626.2,-32639.2,-32234.2,-19940.2,7316.797,30190.8,36285.8,34087.8,16540.8,-9982.203,
-32689.4,-31806.4,-16884.4,10708.6,31925.6,36316.6,32946.6,13450.6,-13341.4,-30626.4,
-29317.5,-32650.5,-32311.5,-20692.5,6413.5,29681.5,36292.5,34387.5,17338.5,-9141.5,
-28681.0,-32599.0,-32430.0,-22013.0,4760.0,28663.0,36279.0,34808.0,18744.0,-7531.0,
-32612.9,-32370.9,-21259.9,5693.101,29273.1,36280.1,34562.1,17911.1,-8440.898,-29034.9,
-28813.5,-32591.5,-32391.5,-21757.5,5107.5,28893.5,36282.5,34717.5,18443.5,-7890.5,
-29905.2,-32638.2,-32122.2,-19208.2,8159.797,30678.8,36298.8,33834.8,15778.8,-10877.2,
-29431.9,-32598.9,-32258.9,-20434.9,6744.102,29875.1,36292.1,34252.1,17038.1,-9476.898,
-30163.7,-32634.7,-32036.7,-18458.7,9006.297,31105.3,36297.3,33558.3,15017.3,-11690.7,
-26693.0,-32463.0,-32624.0,-25102.0,407.0,25755.0,36139.0,35616.0,22299.0,-3334.0,
-32623.5,-25016.5,511.5,25836.5,36115.5,35594.5,22215.5,-3445.5,-26723.5,-32464.5,
-27087.7,-32473.7,-32584.7,-24574.7,1198.297,26320.3,36164.3,35485.3,21675.3,-4122.703,
-32397.2,-32670.2,-26138.2,-1360.203,24444.8,35969.8,35830.8,23656.8,-1632.203,-25704.2,
-26058.2,-32402.2,-32656.2,-25808.2,-797.2031,24883.8,36034.8,35777.8,23225.8,-2200.203,
-32397.2,-32663.2,-26066.2,-1213.203,24555.8,36005.8,35811.8,23565.8,-1794.203,-25805.2,
-27539.7,-32495.7,-32550.7,-24008.7,2011.297,26941.3,36222.3,35346.3,20991.3,-4917.703,
-32308.9,-32708.9,-27191.9,-3181.898,23002.1,35786.1,36038.1,25082.1,115.1016,-24631.9,
-32354.8,-32672.8,-26433.8,-1901.797,24010.2,35937.2,35892.2,24068.2,-1143.797,-25400.8,
-32252.6,-32712.6,-27571.6,-3968.602,22396.4,35700.4,36073.4,25629.4,873.3984,-24167.6,
-32317.0,-32687.0,-26915.0,-2713.0,23405.0,35853.0,36002.0,24691.0,-358.0,-24961.0,
-32271.4,-32687.4,-27388.4,-3630.398,22636.6,35730.6,36052.6,25404.6,526.6016,-24373.4,
-32292.0,-32688.0,-27071.0,-3040.0,23134.0,35828.0,36004.0,24933.0,-50.0,-24758.0,
-32271.9,-32697.9,-27352.9,-3524.899,22750.1,35742.1,36066.1,25308.1,409.1015,-24427.9,
-32231.4,-32687.4,-27698.4,-4247.398,22175.6,35651.6,36101.6,25817.6,1101.601,-23983.4,
-32359.6,-32667.6,-26278.6,-1550.601,24278.4,35985.4,35857.4,23829.4,-1488.602,-25605.6,
-32289.6,-32682.6,-26983.6,-2859.602,23291.4,35853.4,35986.4,24797.4,-244.6016,-24868.6,
-32134.4,-32720.4,-28355.4,-5610.399,21069.6,35445.6,36191.6,26792.6,2425.602,-23104.4,
-32185.1,-32688.1,-27931.1,-4752.101,21765.9,35575.9,36135.9,26167.9,1575.898,-23665.1,
-32438.4,-32610.4,-25258.4,196.6016,25646.6,36102.6,35657.6,22491.6,-3184.398,-26603.4,
-32703.3,-28054.3,-4997.297,21574.7,35534.7,36157.7,26324.7,1835.703,-23512.3,-32160.3,
-22422.4,-31634.4,-32263.4,-26888.4,-4390.399,20371.6,34888.6,35972.6,24678.6,1687.601,
-28575.7,-26746.7,-14301.7,4297.297,20808.3,29134.29,26477.3,13868.3,-4108.703,-20852.7,
-27975.6,-32591.6,-32699.6,-24631.6,1990.398,27588.4,36174.4,35589.4,21681.4,-5125.602,
-26388.2,-32521.2,-32801.2,-26742.2,-1435.203,25293.8,36083.8,35972.8,24412.8,-1875.203,
-32388.3,-32831.3,-28105.3,-4144.297,23202.7,35854.7,36135.7,26314.7,778.7031,-24817.3,
-32441.6,-32810.6,-27432.6,-2766.602,24240.4,35985.4,36045.4,25369.4,-597.6016,-25591.6,
-32502.8,-32797.8,-26979.8,-1913.797,24934.2,36045.2,36005.2,24729.2,-1415.797,-26103.8,
-32516.1,-32781.1,-26621.1,-1260.102,25408.9,36071.9,35950.9,24244.9,-2061.102,-26437.1,
-32360.1,-32819.1,-28358.1,-4682.102,22758.9,35807.9,36147.9,26706.9,1260.898,-24463.1,
-32401.8,-32811.8,-27818.8,-3503.797,23706.2,35937.2,36094.2,25900.2,101.2031,-25202.8,
-32470.5,-32783.5,-26945.5,-1913.5,24922.5,36020.5,35997.5,24700.5,-1433.5,-26094.5,
-32601.3,-32629.3,-24181.3,2727.703,28155.7,36188.7,35491.7,21087.7,-5927.297,-28312.3,
-32433.6,-32804.6,-27471.6,-2824.602,24242.4,35984.4,36039.4,25427.4,-556.6016,-25602.6,
-32475.2,-32761.2,-26792.2,-1562.203,25193.8,36054.79,35989.8,24426.8,-1780.203,-26294.2,
-32554.4,-32672.4,-24988.4,1496.601,27320.6,36162.6,35639.6,22081.6,-4711.399,-27774.4,
-29270.9,-32622.9,-32507.9,-22453.9,5184.102,29629.1,36209.1,35069.1,19051.1,-8286.899,
-27189.9,-32517.9,-32714.9,-25778.9,215.1016,26445.1,36137.1,35806.1,23097.1,-3498.898,
-32522.4,-32695.4,-25437.4,796.6015,26861.6,36162.6,35740.6,22640.6,-4086.399,-27460.4,
-32577.2,-32641.2,-24299.2,2527.797,28039.8,36171.8,35519.8,21225.8,-5729.203,-28238.2,
-28912.1,-32605.1,-32551.1,-23157.1,4209.898,29038.9,36200.9,35256.9,19869.9,-7351.102,
-28056.7,-32546.7,-32645.7,-24625.7,2088.297,27733.3,36170.3,35570.29,21613.3,-5300.703,
-32564.0,-32613.0,-24135.0,2829.0,28206.0,36185.0,35468.0,20999.0,-6035.0,-28340.0,
-28646.7,-32578.7,-32592.7,-23644.7,3543.297,28654.3,36185.3,35352.3,20433.3,-6705.703,
-30247.7,-32641.7,-32261.7,-19940.7,8371.297,31304.3,36233.3,34305.3,16286.3,-11408.7,
-31355.6,-32707.6,-31620.6,-15158.6,13546.4,33552.4,36249.4,32508.4,11419.4,-16433.6,
-32682.9,-31679.9,-15599.9,13077.1,33342.1,36260.1,32669.1,11842.1,-15976.9,-31250.9,
-30281.3,-32645.3,-32260.3,-19806.3,8466.703,31373.7,36226.7,34282.7,16158.7,-11515.3,
-32685.4,-31826.4,-16518.4,12174.6,33045.6,36254.6,33053.6,12727.6,-15128.4,-31097.4,
-31268.3,-32689.3,-31695.3,-15613.3,13096.7,33369.7,36251.7,32689.7,11869.7,-16011.3,
-30856.1,-32658.1,-31980.1,-17648.1,10936.9,32505.9,36252.9,33504.9,13875.9,-13934.1,
-31174.4,-32676.4,-31768.4,-16114.4,12594.6,33182.6,36253.6,32865.6,12350.6,-15513.4,
-31312.4,-32686.4,-31617.4,-15377.4,13357.6,33499.6,36258.6,32551.6,11604.6,-16278.4,
-31036.7,-32676.7,-31858.7,-16808.7,11899.3,32920.3,36250.3,33171.3,13019.3,-14879.7,
-31458.8,-32692.8,-31424.8,-14282.8,14466.2,33838.2,36256.2,32086.2,10510.2,-17297.8,
-31350.1,-32701.1,-31564.1,-15030.1,13694.9,33609.9,36249.9,32420.9,11254.9,-16585.1,
-31552.4,-32723.4,-31233.4,-13448.4,15227.6,34121.6,36251.6,31707.6,9674.602,-18025.4,
-31587.8,-32727.8,-31187.8,-13208.8,15489.2,34196.2,36235.2,31584.2,9449.203,-18241.8,
-32789.0,-29990.0,-8946.0,19279.0,35209.0,36212.0,29348.0,5282.0,-21633.0,-31972.0,
-32003.9,-32794.9,-29829.9,-8495.898,19678.1,35290.1,36201.1,29065.1,4873.102,-21982.9,
-32022.4,-32784.4,-29804.4,-8360.398,19786.6,35331.6,36207.6,29005.6,4722.601,-22082.4,
-32792.0,-29831.0,-8479.0,19710.0,35308.0,36204.0,29069.0,4841.0,-22006.0,-32024.0,
-32778.6,-28975.6,-6237.602,21578.4,35632.4,36184.4,27656.4,2640.399,-23540.6,-32159.6,
-32217.9,-32766.9,-28609.9,-5383.898,22309.1,35741.1,36155.1,27081.1,1829.102,-24136.9,
-32772.0,-28542.0,-5220.0,22444.0,35791.0,36161.0,26988.0,1616.0,-24252.0,-32214.0,
-32743.9,-27037.9,-2059.898,24915.1,36032.1,36009.1,24771.1,-1424.899,-26092.9,-32367.9,
-32728.0,-26741.0,-1564.0,25262.0,36077.0,35957.0,24356.0,-1921.0,-26317.0,-32381.0,
-32638.0,-25080.0,1329.0,27326.0,36168.0,35683.0,22126.0,-4717.0,-27735.0,-32462.0,
-26790.6,-21136.6,-6917.602,9772.399,22484.4,26546.4,20689.4,7071.398,-9328.601,-22390.6,
-32449.5,-32542.5,-24095.5,2657.5,27965.5,36195.5,35476.5,20878.5,-5948.5,-28137.5,
-32637.1,-32489.1,-22195.1,6043.899,30471.9,36174.9,35085.9,18646.9,-9376.101,-29726.1,
-32680.9,-32215.9,-19077.9,10028.1,32421.1,36198.1,34129.1,15225.1,-13245.9,-30780.9,
-32657.9,-32370.9,-20560.9,8247.102,31596.1,36194.1,34622.1,16801.1,-11529.9,-30340.9,
-32676.8,-32203.8,-19073.8,10030.2,32391.2,36199.2,34138.2,15223.2,-13260.8,-30766.8,
-32786.7,-31067.7,-12215.7,17050.3,34815.3,36195.29,31284.3,8280.296,-19774.7,-31780.7,
-32123.4,-18274.4,10912.6,32771.6,36202.6,33838.6,14390.6,-14107.4,-30936.4,-32674.4,
-32698.7,-31944.7,-16941.7,12410.3,33392.3,36216.3,33365.29,12964.3,-15557.7,-31205.7,
-32706.8,-31873.8,-16373.8,13035.2,33581.2,36207.2,33180.2,12381.2,-16148.8,-31281.8,
-32694.5,-31861.5,-16354.5,13032.5,33597.5,36221.5,33143.5,12362.5,-16147.5,-31299.5,
-32740.5,-31420.5,-13855.5,15544.5,34421.5,36197.5,32047.5,9867.499,-18442.5,-31619.5,
-32787.2,-30950.2,-11823.2,17419.8,34918.8,36186.8,31107.8,7859.797,-20130.2,-31802.2,
-30868.7,-11393.7,17806.3,35004.3,36179.3,30905.3,7461.297,-20468.7,-31820.7,-32804.7,
-32825.4,-29000.4,-5696.398,22683.6,35871.6,36130.6,27639.6,1877.602,-24437.4,-32243.4,
-32804.8,-27754.8,-2850.797,24898.2,36037.2,36076.2,25732.2,-882.7969,-26061.8,-32388.8,
-29415.8,-6813.797,21783.2,35755.2,36146.2,28315.2,2973.203,-23753.8,-32168.8,-32820.8,
-32785.3,-26887.3,-1131.297,26149.7,36099.7,35975.7,24536.7,-2540.297,-26974.3,-32443.3,
-27219.4,-1756.398,25728.6,36084.6,36032.6,24984.6,-1951.398,-26688.4,-32414.4,-32800.4,
-26324.8,-130.7969,26849.2,36109.2,35935.2,23756.2,-3504.797,-27433.8,-32497.8,-32757.79,
-22506.4,5803.602,30424.6,36169.6,35159.6,18960.6,-9226.398,-29688.4,-32603.4,-32493.4,
-32581.8,-23645.8,4164.203,29525.2,36148.2,35448.2,20320.2,-7639.797,-29156.8,-32581.8,
-32629.6,-24256.6,3267.399,28987.4,36147.4,35577.4,21061.4,-6787.601,-28819.6,-32547.6,
-32300.9,-20173.9,8843.102,31919.1,36191.1,34496.1,16344.1,-12166.9,-30505.9,-32645.9,
-32253.0,-19764.0,9318.0,32155.0,36202.0,34348.0,15904.0,-12636.0,-30627.0,-32647.0,
-19334.4,9783.602,32344.6,36193.6,34231.6,15450.6,-13061.4,-30725.4,-32646.4,-32236.4,
-31699.5,-15332.5,14123.5,34004.5,36204.5,32760.5,11296.5,-17226.5,-31422.5,-32708.5,
-16026.9,13411.1,33739.1,36207.1,33012.1,12007.1,-16516.9,-31316.9,-32699.9,-31815.9,
-31348.2,-13610.2,15839.8,34513.8,36195.8,31961.8,9574.797,-18763.2,-31625.2,-32739.2,
-31402.9,-13728.9,15700.1,34477.1,36190.1,32053.1,9690.102,-18626.9,-31604.9,-32746.9,
-31112.3,-12437.3,16961.7,34812.7,36197.7,31417.7,8412.704,-19780.3,-31719.3,-32753.3,
-30414.4,-9765.399,19367.6,35348.6,36160.6,30053.6,5812.602,-21799.4,-31950.4,-32813.4,
-28944.9,-5524.898,22920.1,35864.1,36125.1,27568.1,1653.102,-24616.9,-32216.9,-32826.9,
-29114.4,-5976.398,22526.6,35836.6,36121.6,27837.6,2110.601,-24320.4,-32203.4,-32818.4,
-29176.5,-6177.5,22417.5,35834.5,36127.5,27934.5,2292.5,-24255.5,-32177.5,-32819.5,
-27852.0,-3044.0,24870.0,36029.0,36071.0,25907.0,-772.0,-26062.0,-32337.0,-32810.0,
1538.797,27905.8,36137.8,35774.8,22429.8,-5153.203,-28109.2,-32467.2,-32671.2,-25386.2,
-7848.797,7617.203,19934.2,24573.2,20035.2,7994.203,-7163.797,-19775.8,-24916.8,-20448.8,
-6860.297,8714.703,20717.7,24787.7,19551.7,7029.703,-8279.297,-20619.3,-25093.3,-19949.3,
-15038.2,7692.796,26584.8,34614.8,29371.8,12780.8,-9254.203,-26895.2,-30745.2,-29112.2,
-19980.0,7217.0,30112.0,36295.0,33965.0,16199.0,-10390.0,-29423.0,-32169.0,-31826.0,
-17477.0,10044.0,31612.0,36304.0,32971.0,13632.0,-13166.0,-30224.0,-32186.0,-31510.0,
-14989.4,12640.6,32794.6,36319.6,31867.6,11148.6,-15689.4,-30788.4,-32214.4,-31089.4,
-16046.5,11593.5,32330.5,36304.5,32359.5,12173.5,-14670.5,-30567.5,-32193.5,-31283.5,
-15049.7,12548.3,32741.3,36316.3,31890.3,11203.3,-15603.7,-30758.7,-32198.7,-31088.7,
-13635.8,13966.2,33293.2,36303.2,31203.2,9827.203,-16957.8,-30991.8,-32225.8,-30781.8,
-6874.203,20014.8,35182.8,36211.8,27251.8,3244.797,-22392.2,-31663.2,-32270.2,-28706.2,
-10268.3,17066.7,34399.7,36281.7,29369.7,6547.703,-19845.3,-31399.3,-32251.3,-29901.3,
-6536.898,20268.1,35251.1,36215.1,27024.1,2898.102,-22627.9,-31659.9,-32260.9,-28570.9,
-3139.5,23042.5,35772.5,35961.5,24584.5,-362.5,-24793.5,-31856.5,-32223.5,-26985.5,
-344.7031,25181.3,36074.3,35597.3,22453.3,-3072.703,-26314.7,-31969.7,-32186.7,-25417.7,
3396.703,27825.7,36251.7,34934.7,19458.7,-6687.297,-28072.3,-32078.3,-32023.3,-23006.3,
26393.7,36180.7,35371.7,21189.7,-4641.297,-27124.3,-31993.3,-32125.3,-24456.3,1204.703,
829.3984,26046.4,36130.4,35439.4,21542.4,-4190.601,-26915.6,-32000.6,-32159.6,-24721.6,
4403.5,28476.5,36269.5,34710.5,18602.5,-7681.499,-28462.5,-32082.5,-31975.5,-22260.5,
6552.203,29775.2,36284.2,34155.2,16750.2,-9764.796,-29220.8,-32106.8,-31836.8,-20587.8,
6382.0,29660.0,36285.0,34228.0,16921.0,-9600.0,-29167.0,-32101.0,-31855.0,-20753.0,
9787.898,31502.9,36298.9,33116.9,13884.9,-12935.1,-30128.1,-32137.1,-31535.1,-17856.1,
13296.7,33048.7,36321.7,31584.7,10484.7,-16326.3,-30857.3,-32175.3,-30932.3,-14445.3,
-11048.1,16422.9,34201.9,36289.9,29813.9,7224.899,-19269.1,-31304.1,-32217.1,-30115.1,
16563.9,34267.9,36300.9,29751.9,7102.899,-19396.1,-31316.1,-32220.1,-30089.1,-10966.1,
15587.2,33955.2,36305.2,30378.2,8148.204,-18511.8,-31207.8,-32219.8,-30385.8,-12048.8,
17963.1,34676.1,36289.1,28833.1,5536.102,-20673.9,-31422.9,-32216.9,-29609.9,-9373.899,
20635.4,35343.4,36186.4,26832.4,2547.398,-22937.6,-31672.6,-32238.6,-28416.6,-6279.602,
23127.4,35800.4,35990.4,24569.4,-491.6016,-24871.6,-31831.6,-32194.6,-26960.6,-3137.602,
24566.0,35976.0,35733.0,23099.0,-2294.0,-25848.0,-31901.0,-32173.0,-25878.0,-1280.0,
23574.3,35886.29,35893.29,24068.3,-1074.703,-25202.7,-31845.7,-32175.7,-26595.7,-2527.703,
25983.9,36160.9,35435.9,21633.9,-4152.102,-26854.1,-31949.1,-32105.1,-24812.1,657.8984,
27489.7,36254.7,35053.7,19818.7,-6335.297,-27854.3,-32015.3,-32014.3,-23293.3,2895.703,
27895.8,36292.8,34531.8,18425.8,-7374.203,-28077.2,-31950.2,-31834.2,-22020.2,4109.797,
25583.9,19182.9,5569.898,-10267.1,-22386.1,-25886.1,-19555.1,-5368.102,10686.9,22438.9,
30962.9,36421.9,31933.9,12538.9,-13107.1,-29777.1,-31911.1,-30934.1,-16245.1,10116.9,
30446.2,36432.2,32303.2,13396.2,-12211.8,-29502.8,-31900.8,-31059.8,-17115.8,9213.202,
32625.3,36424.3,30083.3,9139.297,-16503.7,-30545.7,-31952.7,-30086.7,-12746.7,13563.3,
31511.8,36431.8,31392.8,11515.8,-14176.2,-30032.2,-31909.2,-30722.2,-15199.2,11186.8,
33147.2,36414.2,29308.2,7855.203,-17717.8,-30734.8,-31972.8,-29694.8,-11412.8,14808.2,
33681.1,36375.1,28411.1,6399.101,-18979.9,-30924.9,-31960.9,-29228.9,-9912.898,16141.1,
33858.0,36327.0,28101.0,5937.0,-19418.0,-30967.0,-31962.0,-29048.0,-9419.0,16591.0,
34766.4,36116.4,25918.4,2853.398,-21837.6,-31262.6,-31969.6,-27698.6,-6235.601,19349.4,
35587.5,35602.5,23022.5,-1006.5,-24455.5,-31492.5,-31912.5,-25695.5,-2226.5,22576.5,
35740.2,23655.2,-162.7969,-23922.8,-31453.8,-31915.8,-26177.8,-3105.797,21901.2,35442.2,
35928.8,35168.8,21209.8,-3248.203,-25772.2,-31605.2,-31810.2,-24291.2,74.79688,24344.8,
36258.0,34375.0,18488.0,-6541.0,-27427.0,-31740.0,-31654.0,-22001.0,3439.0,26803.0,
33829.9,16977.9,-8267.101,-28165.1,-31780.1,-31516.1,-20614.1,5186.899,28013.9,36333.9,
36434.0,31808.0,12261.0,-13415.0,-29844.0,-31905.0,-30850.0,-15975.0,10402.0,31084.0,
36421.2,31913.2,12459.2,-13193.8,-29810.8,-31911.8,-30877.8,-16194.8,10197.2,30998.2,
36443.1,31163.1,11032.1,-14694.9,-30169.9,-31899.9,-30581.9,-14736.9,11700.1,31745.1,
36423.5,30504.5,9835.5,-15920.5,-30407.5,-31924.5,-30307.5,-13487.5,12944.5,32339.5,
36263.79,27068.8,4353.797,-20659.2,-31122.2,-31958.2,-28442.2,-7826.203,18002.8,34318.8,
36385.7,29071.7,7365.703,-18167.3,-30805.3,-31943.3,-29578.3,-10944.3,15280.7,33334.7,
36307.5,27646.5,5206.5,-19994.5,-31026.5,-31980.5,-28763.5,-8719.501,17234.5,34089.5,
35983.8,24975.8,1580.797,-22768.2,-31334.2,-31941.2,-27106.2,-4925.203,20465.8,35068.8,
35658.1,23275.1,-699.8984,-24257.9,-31473.9,-31890.9,-25913.9,-2581.898,22344.1,35541.1,
21097.9,9095.899,-6384.101,-19697.1,-25488.1,-21514.1,-9018.102,6837.898,19851.9,25217.9,
20091.0,7153.0,-8575.0,-21255.0,-25751.0,-20498.0,-7006.0,9005.0,21350.0,25486.0,
20652.9,6871.899,-9654.101,-22701.1,-26815.1,-21126.1,-6746.101,10072.9,22739.9,26704.9,
21006.5,7308.5,-9267.5,-22520.5,-26875.5,-21479.5,-7211.5,9682.5,22567.5,26789.5,
22577.9,7806.899,-10137.1,-24219.1,-28199.1,-23241.1,-7981.102,10312.9,24246.9,28832.9,
22987.4,6313.398,-13164.6,-26783.6,-29184.6,-23980.6,-6978.601,12785.4,27118.4,30887.4,
22804.7,6012.703,-13440.3,-26915.3,-29201.3,-23814.3,-6651.297,13081.7,27266.7,30856.7,
21914.3,4734.297,-14612.7,-27357.7,-29130.7,-23000.7,-5332.703,14257.3,27867.3,30661.3,
21292.2,3950.203,-15338.8,-27575.8,-29093.8,-22409.8,-4472.797,14981.2,28191.2,30476.2,
21402.3,4089.297,-15144.7,-27506.7,-29107.7,-22498.7,-4623.703,14812.3,28092.3,30485.3,
20341.9,2657.898,-16459.1,-27949.1,-28992.1,-21468.1,-3130.102,16108.9,28685.9,30203.9,
20914.0,3457.0,-15705.0,-27715.0,-29065.0,-22015.0,-3950.0,15399.0,28346.0,30334.0,
-1061.0,-19507.0,-28660.0,-28543.0,-18505.0,722.0,19138.0,29797.0,29158.0,17461.0,
17049.6,-1499.398,-19819.4,-28711.4,-28439.4,-18081.4,1182.602,19465.6,29918.6,28934.6,
18165.5,-74.5,-18692.5,-28504.5,-28688.5,-19225.5,-253.5,18363.5,29509.5,29400.5,
2428.398,-16520.6,-27945.6,-29004.6,-21188.6,-2833.602,16229.4,28628.4,30060.4,20146.4,
19736.8,1975.797,-16918.2,-28090.2,-28933.2,-20795.2,-2333.203,16643.8,28813.8,29899.8,
98.60156,-18510.4,-28490.4,-28713.4,-19298.4,-400.3984,18187.6,29426.6,29388.6,18311.6,
19768.6,2036.602,-16870.4,-28081.4,-28946.4,-20802.4,-2377.398,16612.6,28776.6,29883.6,
19610.0,1841.0,-17002.0,-28101.0,-28937.0,-20638.0,-2179.0,16745.0,28823.0,29838.0,
898.1015,-17831.9,-28334.9,-28836.9,-19857.9,-1197.898,17561.1,29128.1,29599.1,18873.1,
17733.3,-544.7031,-18965.7,-28586.7,-28603.7,-18700.7,297.2969,18692.3,29540.3,29138.3,
19497.0,1742.0,-17033.0,-28139.0,-28918.0,-20500.0,-2046.0,16793.0,28823.0,29781.0,
2421.297,-16457.7,-27952.7,-29003.7,-21015.7,-2758.703,16243.3,28568.3,29925.3,20030.3,
20882.6,3631.601,-15375.4,-27629.4,-29133.4,-21878.4,-3991.398,15190.6,28092.6,30210.6,
22186.9,5437.898,-13717.1,-27013.1,-29255.1,-23118.1,-5854.102,13548.9,27297.9,30485.9,
21679.3,4740.297,-14340.7,-27260.7,-29229.7,-22642.7,-5100.703,14184.3,27607.3,30363.3,
19734.7,2076.703,-16697.3,-28031.3,-29001.3,-20730.3,-2358.297,16508.7,28674.7,29823.7,
22729.3,6279.297,-12878.7,-26640.7,-29301.7,-23645.7,-6692.703,12747.3,26839.3,30564.3,
23600.0,7621.0,-11579.0,-26064.0,-29344.0,-24443.0,-8078.0,11464.0,26149.0,30674.0,
24334.1,8697.102,-10479.9,-25520.9,-29364.9,-25091.9,-9208.899,10371.1,25518.1,30746.1,
24225.5,8585.5,-10623.5,-25598.5,-29346.5,-24980.5,-9104.5,10518.5,25596.5,30727.5,
24600.3,9144.298,-10067.7,-25308.7,-29391.7,-25323.7,-9653.703,9973.296,25275.3,30752.3,
9777.102,-9383.899,-24955.9,-29385.9,-25634.9,-10326.9,9302.101,24871.1,30728.1,25009.1,
24348.8,8778.796,-10403.2,-25496.2,-29390.2,-25093.2,-9263.203,10319.8,25471.8,30726.8,
26794.7,12887.7,-6059.297,-22968.3,-29286.3,-27090.3,-13554.3,5983.703,22766.7,30525.7,
26833.6,13052.6,-5914.398,-22813.4,-29296.4,-27143.4,-13714.4,5846.601,22622.6,30526.6,
15764.1,-2710.898,-20525.9,-28962.9,-28070.9,-16521.9,2633.101,20326.1,29918.1,28151.1,
14523.7,-3743.297,-20930.3,-28821.3,-27334.3,-15103.3,3807.703,20824.7,29603.7,27172.7,
15971.6,-492.3984,-17048.4,-26885.4,-26688.4,-16299.4,801.6015,17270.6,26951.6,26418.6,
